"env","cluster"
"E0137",1
"E0138",1
"E0139",1
"E0154",1
"E0161",1
"E0198",1
"E0200",1
"E0201",1
"E021",1
"E0214",1
"E0215",1
"E0241",1
"E0266",1
"E0267",1
"E0271",1
"E0274",1
"E0276",1
"E0289",1
"E0290",1
"E0292",1
"E030",1
"E034",1
"E075",1
"E077",1
"E093",1
"E097",1
"E099",1
"E0140",2
"E0155",2
"E0156",2
"E0157",2
"E0158",2
"E0159",2
"E0162",2
"E0272",2
"E032",2
"E033",2
"E035",2
"E094",2
"E096",2
"E098",2
"E015",3
"E016",3
"E0160",3
"E017",3
"E018",3
"E019",3
"E0199",3
"E020",3
"E0242",3
"E0248",3
"E0251",3
"E0273",3
"E0275",3
"E029",3
"E031",3
"E036",3
"E076",3
"E078",3
"E079",3
"E092",3
"E095",3
